1,1,224700,,,,,6.079e-05,01.08901332,282.485875706215,-5.20,-1.88,,9.10,1.84501631012894,F5,0.482,282.43485,0.00449,5.36884,4.9e-08,-7.12e-06,-2.574e-06
2,2,224690,,,,,0.00025315,-19.49883745,45.662100456621,181.21,-0.93,,9.27,5.97222057420059,K3V,0.999,43.04329,0.00285,-15.24144,-7.1e-08,4.0112e-05,-1.94e-07
3,3,224699,,,,,0.00033386,38.85928608,355.871886120996,5.24,-2.91,,6.61,-1.1464684004746,B9,-0.019,277.11358,0.02422,223.27753,3.148e-06,9.04e-06,-3.909e-06
4,4,224707,,,,,0.00055878,-51.89354612,129.032258064516,62.85,0.16,,8.06,2.50650851253155,F0V,0.370,79.62896,0.01164,-101.53103,7.2e-08,3.9313e-05,6.1e-08
5,5,224705,,,,,0.00066435,-40.59122440,348.432055749129,2.53,9.07,,8.55,0.839409483669963,G8III,0.902,264.58918,0.04601,-226.71007,9.967e-06,4.275e-06,1.1633e-05
6,6,,,,,,0.00120942,03.94648893,53.1914893617021,226.29,-12.84,,12.31,8.6807892463184,M0V:,1.336,53.06535,0.0168,3.66089,2.09e-07,5.835e-05,-3.303e-06
7,7,,,,,,0.00150326,20.03660216,56.369785794814,-208.12,-200.79,,9.64,5.88476807747854,G0,0.740,52.95794,0.02084,19.31343,1.8821e-05,-5.6864e-05,-5.1547e-05
8,8,224709,,,,,0.00181944,25.88647445,193.423597678917,19.09,-5.66,,9.05,2.61745271546971,M6e-M8.5e Tc,1.102,174.01562,0.08288,84.44669,2.308e-06,1.7901e-05,-4.774e-06
9,9,224708,,,,,0.00235612,36.58593777,207.900207900208,-6.30,8.42,,8.59,2.00072538186916,G5,1.067,166.9363,0.10297,123.9143,-5.053e-06,-6.352e-06,6.813e-06
10,10,224717,,,,,0.00241687,-50.86707360,92.9368029739777,42.23,40.02,,8.59,3.74906135665185,F6V,0.489,58.65441,0.03711,-72.08957,1.3973e-05,1.9034e-05,1.1379e-05
11,11,224720,,,,,0.00248646,46.94000154,233.100233100233,11.09,-2.02,,7.34,0.502286460923622,A2,0.081,159.15237,0.1036,170.31215,1.659e-06,1.2532e-05,-1.558e-06
12,12,224715,,,,,0.00272783,-35.96022482,246.305418719212,-5.99,-0.10,,8.43,1.47263016788597,K4III,1.484,199.36567,0.14237,-144.63632,-6.5e-08,-7.152e-06,-9.6e-08
13,13,224728,,,,,0.00277864,-22.59468060,286.532951289398,8.45,-10.07,,8.80,1.5141271347959,K0III,1.128,264.5403,0.19243,-110.08871,-5.382e-06,1.1733e-05,-1.2913e-05
14,14,224726,,,,,0.00321812,-00.36042119,195.694716242661,61.75,-11.67,,7.25,0.792104500673564,K0,1.200,195.69077,0.16486,-1.23101,-1.18e-07,5.858e-05,-1.107e-05
15,15,236267,,,,,0.00335392,50.79117384,408.163265306122,13.88,5.47,,8.60,0.545830421822663,K2,1.166,258.01976,0.22655,316.26412,-8.41e-06,2.7456e-05,6.841e-06
16,17,224732,,,,,0.00340663,-40.19232842,162.60162601626,-34.46,-26.37,,8.15,2.09437557887709,F3V,0.425,124.20847,0.11077,-104.93583,-1.339e-05,-2.7174e-05,-1.5878e-05
17,16,,,,,,0.00342723,-54.91412819,1886.79245283019,257.39,-96.63,,11.71,0.331379348003946,,0.421,1084.53445,0.97309,-1543.94618,-0.00072535,0.002353602,-0.000508033
18,18,,,,,,0.00354261,-04.05373813,50.1756146512795,-127.22,23.78,,11.03,7.52753649350244,K5,1.567,50.05006,0.04641,-3.54701,4.37e-07,-3.0944e-05,5.769e-06
19,19,224721,,,,,0.00355446,38.30408636,242.718446601942,-2.50,-15.07,,6.53,-0.395513919834326,G5,0.955,190.46888,0.17724,150.44538,1.0993e-05,-2.931e-06,-1.3914e-05
20,20,224723,,,,,0.0041967,23.52928397,92.9368029739777,36.00,-22.98,,8.51,3.66906135665185,G0,0.516,85.20962,0.09361,37.10201,4.115e-06,1.6223e-05,-9.492e-06
21,21,224724,,,,,0.00441571,08.00723437,171.232876712329,61.89,-0.22,,7.55,1.382064235562,K2,1.438,169.56332,0.19602,23.85242,-3.3e-08,5.1374e-05,-1.8e-07
22,22,224735,,,,,0.00467572,-49.35226686,223.713646532439,-7.90,0.46,,8.69,1.94153761565968,G8/K0III/IV,0.962,145.72842,0.17838,-169.738,3.88e-07,-8.567e-06,3.24e-07
23,23,224742,,,,,0.00496195,13.31221083,81.9000819000819,54.15,9.65,,7.57,3.00357831972441,F2V,0.456,79.69934,0.10353,18.85807,-9.1e-07,2.1497e-05,3.728e-06
24,24,224746,,,,,0.00506998,-23.45274913,102.774922918808,127.15,22.22,,9.05,3.99056420134176,G0V,0.528,94.28446,0.12514,-40.90366,4.321e-06,6.3354e-05,1.0155e-05
25,25,224750,9077,,,,0.00529102,-44.29029741,72.7802037845706,58.36,-108.64,3,6.28,1.96993366361766,G3IV,0.763,52.09682,0.07216,-50.82198,-2.4597e-05,2.0556e-05,-2.9579e-05
26,26,224744,,,,,0.00562305,-13.39329686,108.813928182807,-103.33,-33.35,,9.13,3.94657755693056,F7V,0.535,105.85439,0.15582,-25.20501,-3.994e-06,-5.4512e-05,-1.7113e-05
27,27,224748,,,,,0.00569798,-41.29753696,103.51966873706,135.96,-113.67,,9.32,4.24488563207747,G5V,0.671,77.77346,0.11601,-68.31981,-3.7748e-05,6.8173e-05,-4.2856e-05
28,28,224749,,,,,0.00581658,-43.36179962,177.304964539007,-10.96,-8.69,,8.83,2.58639551991671,F3/F5V,0.468,128.90634,0.19629,-121.7381,-5.114e-06,-9.428e-06,-5.43e-06
29,29,224751,,,,,0.00614207,-49.10795505,350.877192982456,26.86,4.05,,9.14,1.41422430004255,G8III,1.041,229.69649,0.36935,-265.24363,5.134e-06,4.5695e-05,4.509e-06
30,30,224757,,,,,0.00640904,42.14149882,263.852242744063,-8.44,-10.14,,8.26,1.15319604984036,A0,0.142,195.64354,0.32826,177.03531,8.72e-06,-1.078e-05,-9.617e-06
31,31,224760,,,,,0.00653959,02.67547768,543.478260869565,-4.88,-0.20,,7.63,-1.04591088495232,K2,1.453,542.88504,0.92945,25.36898,4.6e-08,-1.2856e-05,-5.26e-07
32,32,224756,,,,,0.00657225,51.93949050,322.58064516129,-0.39,-1.38,,9.09,1.54680846917136,B8,0.040,198.86852,0.34217,253.98713,1.7e-06,-6.06e-07,-1.33e-06
33,33,224743,,,,,0.00661205,-10.46245445,111.856823266219,-3.62,28.71,,8.10,2.85668759397959,F2,0.466,109.99693,0.1904,-20.31221,2.83e-06,-1.958e-06,1.5309e-05
34,34,224758,9078,,,,0.00663131,26.91823821,78.6782061369001,42.20,-53.47,0,6.43,1.95072775277004,F7.5IV-V,0.514,70.15358,0.12179,35.61908,9.204e-06,1.6111e-05,-1.8184e-05
35,35,224745,,,,,0.00683736,-14.49048072,167.785234899329,162.25,-1.47,,9.07,2.94623129870118,G8/K0III/IV,0.916,162.44759,0.29078,-41.98307,-5.35e-07,0.000131969,-1.157e-06
36,36,224759,,,,,0.00688503,12.26709303,158.730158730159,49.71,14.27,,7.68,1.67670274726791,K0,1.150,155.10574,0.27957,33.72526,-2.401e-06,3.8246e-05,1.0729e-05
37,37,224764,,,,,0.00702346,-47.17958382,267.379679144385,-6.92,7.03,,10.44,3.3043580110024,F0V,0.391,181.73838,0.33416,-196.1197,6.7e-06,-8.957e-06,6.193e-06
38,38,224752,,,,,0.00740312,-79.06183133,41.9463087248322,162.30,-62.40,,8.65,5.53653125534099,G6V,0.778,7.95927,0.01542,-41.18425,-1.2522e-05,3.2978e-05,-2.407e-06
39,39,224763,,,,,0.00745743,-16.69693020,91.0746812386157,169.72,-32.54,,7.46,2.66301170057037,F3V,0.475,87.23461,0.17031,-26.16659,-4.273e-06,7.4923e-05,-1.376e-05
40,41,224768,,,,,0.0077709,54.30223774,292.397660818713,1.78,-0.47,,8.70,1.37013053028067,A0,0.026,170.61645,0.3471,237.45798,5.35e-07,2.524e-06,-3.88e-07
41,40,,,,,,0.00813131,67.21679125,10000000,-2.99,-3.18,,10.61,-4.39,B...,0.570,3872445.30006,8243.56549,9219766.77804,0,0,0
42,42,224771,,,,,0.00835911,25.84478059,156.739811912226,20.70,-6.51,,8.20,2.22410339360581,F2,0.387,141.06209,0.3087,68.32831,2.121e-06,1.5733e-05,-4.451e-06
43,43,224784,9079,,,,0.00860593,59.55973786,131.061598951507,-80.60,-24.07,-33,6.18,0.592622689774402,G9III-IV,1.032,66.40084,0.1496,112.99578,-3.798e-06,-5.1217e-05,-3.6845e-05
44,44,224776,,,,,0.00884815,-03.30636174,414.9377593361,11.10,16.04,,7.91,-0.179914787125657,K2,1.104,414.24595,0.95957,-23.93148,1.809e-06,2.2331e-05,3.221e-05
45,45,224766,,,,,0.00894696,-72.20271031,66.2251655629139,-37.20,-2.78,,9.59,5.48488473646585,G6/G8V:,,20.24168,0.04741,-63.05588,-8.21e-07,-1.1944e-05,-2.72e-07
46,46,224778,,,,,0.00896961,-25.62225277,840.336134453782,15.17,-13.39,,8.57,-1.05226519303734,K1III,1.035,757.69929,1.77926,-363.39157,-2.3733e-05,6.1742e-05,-4.9183e-05
47,47,,,,,,0.00901282,-56.83524773,40.8997955010225,-44.21,-145.90,,10.78,7.72139431729819,K3V,1.150,22.3741,0.05279,-34.23726,-2.4194e-05,-8.822e-06,-1.5824e-05
48,48,224780,,,,,0.00901484,-40.69044664,537.634408602151,4.08,-11.28,,7.31,-1.34243527891042,K0/K1III,1.164,407.65642,0.9621,-350.52257,-1.9192e-05,1.0588e-05,-2.2291e-05
49,49,,,,,,0.00930004,16.66903183,628.930817610063,26.66,6.95,,9.53,0.536985621602257,F5,0.450,602.49989,1.46693,180.40426,-6.275e-06,8.1268e-05,2.0299e-05
50,50,224782,,,,,0.0095247,-53.09766277,59.206631142688,52.98,-20.52,,6.49,2.62814824785504,G1IV,0.616,35.55067,0.08864,-47.34518,-4.747e-06,1.5194e-05,-3.536e-06
51,51,224774,,,,,0.00955936,01.06619726,2439.0243902439,10.19,6.33,,8.94,-2.99608071640132,K0,0.906,2438.59447,6.10292,45.38433,-1.694e-06,0.000120479,7.4831e-05
52,52,224767,,,,,0.00977725,-77.02014050,253.164556962025,21.46,9.91,,8.56,1.5429854781323,A4V,0.196,56.86273,0.14555,-246.69596,1.1784e-05,2.6367e-05,2.731e-06
53,53,,,,,,0.00982601,-29.26338247,10000000,11.94,-12.96,,10.96,-4.04,,,8723789.70717,22441.50475,-4888250.14947,0,0,0
54,54,,,,,,0.01011037,17.96895579,47.6871721506915,367.14,-19.49,,10.57,7.17799215232672,M:,1.030,45.36101,0.12006,14.71157,1.165e-06,8.4876e-05,-4.285e-06
55,55,224783,,,,,0.01052221,-66.68310336,68.212824010914,162.88,-28.82,,7.40,3.23066985152555,G2IV/V,0.551,26.99964,0.07437,-62.64186,-8.9e-06,5.3836e-05,-3.772e-06
56,56,224785,,,,,0.01085545,00.22293899,288.184438040346,39.02,-3.09,,8.12,0.821647373954368,K0,1.329,288.18109,0.81899,1.12132,-1.38e-07,5.4512e-05,-4.316e-06
57,57,224789,,,,,0.01121903,-69.67580068,29.5072292711714,-40.97,-67.59,,8.27,5.92035784418689,K2V,0.863,10.24875,0.0301,-27.67017,-9.049e-06,-5.887e-06,-3.358e-06
58,58,224792,,,,,0.01158422,62.17600484,38.3729854182655,-46.95,-43.90,,7.05,4.12987205688283,G0,0.520,17.91077,0.05431,33.93651,7.248e-06,-8.711e-06,-3.811e-06
59,59,236270,,,,,0.01162983,55.72246267,10000000,-0.27,-1.02,,9.09,-5.91,B5,0.091,5631995.26278,17147.68967,8263191.59385,0,0,0
60,60,224788,,,,,0.01169487,-64.46582516,161.812297734628,1.75,10.74,,8.34,2.29494237544408,F2IV,0.386,69.74876,0.21355,-146.00782,7.597e-06,1.396e-06,3.631e-06
61,61,236269,,,,,0.01174381,53.82218625,178.571428571429,32.68,-16.70,,8.86,2.600940135031,K5,1.081,105.40899,0.32408,144.14088,1.1582e-05,2.8325e-05,-8.533e-06
62,62,224800,,,,,0.01199741,-45.42272731,189.393939393939,4.02,-4.78,,8.27,1.88316961266906,G8III,0.994,132.92937,0.41752,-134.90615,-3.137e-06,3.681e-06,-3.08e-06
63,63,224801,9080,,,,0.01211663,45.25333305,207.900207900208,17.38,0.22,-3,6.36,-0.22927461813084,B9p SiEu,-0.047,146.35548,0.46425,147.6562,-2.372e-06,1.7508e-05,-2.023e-06
64,64,224798,,,,,0.01230592,-27.90754614,289.855072463768,-5.93,-14.59,,8.08,0.769095475366372,K2III,1.156,256.14475,0.82521,-135.66556,-9.568e-06,-8.363e-06,-1.8116e-05
65,65,,,,,,0.01253168,-54.83034057,58.8928150765607,-205.14,-75.34,,11.00,7.14968842953967,,1.147,33.92205,0.11129,-48.14193,-1.739e-05,-5.8623e-05,-1.2389e-05
66,66,224790,,,,,0.01256994,-72.31824913,122.249388753056,-15.61,11.88,,8.55,3.11376651835662,F2V,0.401,37.13055,0.12218,-116.47411,6.738e-06,-9.228e-06,2.138e-06
67,67,224806,,,,,0.01327342,23.53824873,133.689839572193,91.05,-12.35,,7.83,2.19950798932231,F5,0.495,122.56525,0.42591,53.39053,2.991e-06,5.9019e-05,-7.337e-06
68,68,224808,,,,,0.01337575,16.98896499,31.4465408805031,-99.69,-315.90,,8.79,6.30213559992216,K0,0.940,30.07406,0.10531,9.18828,1.4124e-05,-1.5147e-05,-4.6055e-05
69,69,224804,,,,,0.01342478,30.39589283,157.48031496063,16.48,-1.30,,8.33,2.34386862645988,A0,0.135,135.83379,0.4774,79.68061,4.57e-07,1.2582e-05,-8.56e-07
70,70,,,,,,0.01352,36.77763945,190.47619047619,-46.78,-0.88,,10.42,4.02079651702979,,0.706,152.56382,0.54,114.0402,6.39e-07,-4.3193e-05,-6.5e-07
71,71,224803,,,,,0.01380665,36.78015328,109.529025191676,-24.50,-19.47,,8.26,3.0623538876715,G5,0.846,87.72547,0.31709,65.58008,6.236e-06,-1.2986e-05,-8.28e-06
72,72,224810,,,,,0.01463132,-12.82867015,94.0733772342427,185.34,-119.65,,8.97,4.10266632261649,G3/G5V,0.671,91.72447,0.35134,-20.88771,-1.2439e-05,8.4475e-05,-5.3203e-05
73,73,224826,,,,,0.01469714,66.84796687,251.889168765743,-20.78,18.19,,6.90,-0.106047466184424,K2,1.446,99.0351,0.38105,231.60322,-2.0324e-05,-2.5452e-05,8.732e-06
74,74,,,,,,0.01479152,35.75272213,41.2881915772089,157.73,-40.31,,9.93,6.85087069403517,K5,1.068,33.50702,0.12975,24.1242,4.591e-06,3.1588e-05,-6.547e-06
75,75,224821,,,,,0.01487747,-50.44646500,625,29.01,2.56,,7.42,-1.55940008672038,K4III,1.524,397.9963,1.55016,-481.89369,5.637e-06,8.7917e-05,4.939e-06
76,76,,,,,,0.01521463,32.82567452,436.681222707424,-1.98,-8.45,,9.03,0.829177411699439,M0,1.670,366.9507,1.46163,236.71826,9.713e-06,-4.152e-06,-1.5031e-05
77,77,224820,,,,,0.01536811,-30.06417333,283.28611898017,18.83,2.83,,8.41,1.14887352693911,A0V,0.022,245.17219,0.98642,-141.91775,1.842e-06,2.5866e-05,3.363e-06
78,78,224816,,,,,0.01548753,17.86784193,854.700854700855,-0.51,3.68,,8.06,-1.59907069126919,K0,1.203,813.46917,3.29833,262.24143,-4.669e-06,-2.132e-06,1.4512e-05
79,79,,,,,,0.01571485,35.31675386,218.818380743982,16.45,-13.81,,8.69,1.98958100034925,F5,0.529,178.54741,0.73457,126.49808,8.396e-06,1.7484e-05,-1.1953e-05
80,80,224817,,,,,0.01611947,-11.82353722,64.143681847338,419.04,-82.83,,8.40,4.36423057594421,G2V,0.566,62.7822,0.26494,-13.14292,-5.827e-06,0.000130277,-2.5209e-05
81,81,224828,,,,,0.01625762,-04.93211471,42.6803243704652,-184.70,-172.67,,8.57,5.41886144298481,G5,0.642,42.5219,0.18098,-3.66945,-2.908e-06,-3.8227e-05,-3.5593e-05
82,82,,,,,,0.01653544,-10.93580540,549.450549450549,-6.01,-65.06,,9.50,0.800356939925374,G5,1.107,539.46766,2.33535,-104.23574,-3.2805e-05,-1.615e-05,-0.000170145
83,83,236274,,,,,0.01653873,52.08056444,438.59649122807,-2.10,-0.99,,8.85,0.639674235002269,M0,1.726,269.53819,1.16706,345.99809,1.679e-06,-4.457e-06,-1.293e-06
84,84,,,,,,0.01678714,27.88634368,52.9100529100529,225.55,-5.46,,9.61,5.99230902086622,K0,0.852,46.76553,0.20552,24.74704,4e-07,5.7854e-05,-1.237e-06
85,85,,,,,,0.01706715,-24.71404902,256.410256410256,48.48,0.49,,10.62,3.5753230351325,A2,0.359,232.92221,1.04074,-107.20252,-1.4e-08,6.0261e-05,5.53e-07
86,86,224836,,,,,0.01735884,69.60349830,288.184438040346,11.53,2.67,,8.05,0.75164737395437,B9,0.018,100.43551,0.45643,270.11621,-3.569e-06,1.6091e-05,1.299e-06
87,87,224829,,,,,0.01743437,-05.83497569,221.238938053097,-7.83,-10.91,,7.80,1.07569217405691,F5,0.430,220.09036,1.00456,-22.49194,-1.151e-06,-8.403e-06,-1.164e-05
88,88,224834,9081,,Tau Phe,,0.01794397,-48.80985919,167.50418760469,-17.92,-6.75,8,5.71,-0.410128344353154,G8III,0.911,110.31033,0.51821,-126.05163,1.331e-06,-1.4545e-05,-9.766e-06
89,89,224837,,,,,0.01847678,53.16694253,384.615384615385,0.68,0.03,,7.87,-0.0551332601459089,K2,1.566,230.56864,1.11531,307.84062,-5e-08,1.267e-06,3.3e-08
90,90,224842,,,,,0.01866665,-41.88742972,106.951871657754,25.10,-46.98,,7.64,2.49405805436259,F5IV/V,0.500,79.62023,0.3891,-71.40847,-1.6326e-05,1.2934e-05,-1.8133e-05
91,91,224840,,,,,0.01870456,-05.87433293,237.529691211401,-15.41,-6.09,,7.66,0.781410479178342,K0,1.300,236.27953,1.15703,-24.31043,-6.3e-07,-1.7747e-05,-6.975e-06
92,92,224841,,,,,0.019375,-20.70558648,209.643605870021,27.51,15.15,,8.68,2.07259189520057,G8III,0.944,196.10011,0.99469,-74.12286,5.301e-06,2.7985e-05,1.4402e-05
93,93,224839,,,,,0.0194815,-00.07592034,59.7371565113501,54.94,-73.28,,8.12,4.2387772682862,F8V,0.619,59.73632,0.30467,-0.07915,-1.09e-07,1.5909e-05,-2.1221e-05
94,94,,,,,,0.01965686,-32.75680569,95.4198473282443,50.32,-12.69,,10.10,5.20180641323854,G2,0.644,80.24461,0.41295,-51.62923,-3.295e-06,2.3259e-05,-4.936e-06
95,95,224847,,,,,0.02013592,-11.96400015,127.388535031847,-9.94,-13.75,,8.67,3.14434828372626,F5V,0.513,124.61967,0.65694,-26.40726,-1.727e-06,-6.147e-06,-8.306e-06
96,96,,,,,,0.02032623,13.97474826,50.4286434694907,20.59,139.82,,10.46,6.94661357102651,M0,1.360,48.93537,0.2604,12.17822,-8.281e-06,4.989e-06,3.3169e-05
97,98,224851,,,,,0.02047854,-52.79857954,154.083204930663,-2.09,1.70,,9.87,3.93122348400185,F6/F7V,0.551,93.16027,0.49946,-122.72957,1.019e-06,-1.555e-06,7.67e-07
98,97,224849,,,,,0.0204889,-21.40404527,181.159420289855,18.34,1.21,,9.48,3.189695388646,F5V,0.530,168.66243,0.90471,-66.11277,3.01e-07,1.6108e-05,9.89e-07
99,99,224855,,,,,0.02106774,60.35529798,787.40157480315,9.57,-6.49,,7.04,-2.44098139522021,C5p,2.835,389.45871,2.14808,684.33802,2.1328e-05,3.6647e-05,-1.2253e-05
100,100,224844,,,,,0.02109675,19.74131648,222.71714922049,-29.13,-30.14,,8.44,1.70123170501662,G0,0.898,209.62424,1.15779,75.22807,1.1165e-05,-3.1389e-05,-3.0628e-05
101,101,224864,,,,,0.02131743,-47.79382994,136.054421768707,-14.29,-0.62,,9.88,4.21143669542098,F5IV/V,0.509,91.39998,0.51009,-100.77989,-2.5e-07,-9.426e-06,-2.74e-07
102,102,224850,,,,,0.02136213,-41.48735570,333.333333333333,17.13,-33.61,,7.05,-0.564393726401688,M1III,1.550,249.69673,1.39646,-220.81824,-3.6132e-05,2.7478e-05,-4.0684e-05
103,103,224853,,,,,0.02147626,-68.37102958,109.289617486339,-10.45,-40.28,,8.29,3.09710547033224,F6V,0.538,40.28292,0.22649,-101.59456,-1.9806e-05,-5.647e-06,-7.866e-06
104,104,224863,,,,,0.02178243,-31.89961642,122.549019607843,-39.21,-0.87,,9.34,3.89845079376931,F7V,0.543,104.03938,0.5933,-64.7589,-1.4e-07,-2.3295e-05,-4.38e-07
105,105,224854,,,,,0.02185629,70.92895780,225.225225225225,-4.90,-8.21,,7.73,0.9669148505731,F0,0.455,73.58894,0.42107,212.86355,8.502e-06,-5.301e-06,-2.928e-06
106,106,224870,9083,,,,0.02201097,49.98158501,222.222222222222,13.29,-11.19,-20,6.22,-0.513937431123281,G7II-III,0.970,142.89402,0.82342,170.18617,-4.003e-06,1.4294e-05,-2.3416e-05
107,107,224865,9082,,,,0.02225348,-50.33739907,171.232876712329,7.34,10.59,2,5.53,-0.637935764438001,M2III,1.615,109.29017,0.63672,-131.81786,8.037e-06,6.139e-06,4.036e-06
108,108,224866,,,,,0.02243688,-70.12530771,3333.33333333333,12.75,14.74,,8.53,-4.08439372640169,K3II/III,1.315,1133.19441,6.65641,-3134.7946,0.000222783,0.00020734,8.0974e-05
109,109,224875,,,,,0.0231068,06.79149102,187.617260787993,-3.08,-8.70,,7.23,0.863636045132862,F0,0.388,186.29735,1.12699,22.18696,9.52e-07,-2.795e-06,-7.857e-06
110,110,224873,,,,,0.02324721,39.61081788,48.9715964740451,-29.92,-41.34,,8.61,5.16027868875446,G5,0.787,37.72667,0.22961,31.22279,6.3e-06,-7.064e-06,-7.56e-06
111,111,,,,,,0.02327246,34.28185977,36.8867576540022,258.31,-4.75,,11.28,8.44564758790243,M2,1.308,30.4781,0.18569,20.777,1.96e-07,4.6192e-05,-7.01e-07
112,112,,,GJ 1293,,,0.02379443,-16.94782618,31.8979266347687,299.01,-255.05,8,10.76,8.24118772583368,M1.5V:,1.384,30.51202,0.19007,-9.29827,-3.957e-06,4.6212e-05,-4.0111e-05
113,113,224881,,,,,0.02437471,49.01041081,3703.7037037037,-0.29,-1.97,,8.93,-3.91318117920506,A0,0.021,2429.29085,15.5022,2795.66212,2.6731e-05,-5.036e-06,-2.32e-05
114,114,224882,,,,,0.0247784,30.73587929,100.704934541793,-10.28,-38.64,,7.95,2.93474624247691,G0IV,0.654,86.55733,0.5615,51.4684,9.673e-06,-4.955e-06,-1.6213e-05
115,115,224878,,,,,0.02483977,-62.92315760,211.416490486258,-2.22,11.18,,7.46,0.834305703689059,A2IV,0.160,96.23159,0.6258,-188.24457,1.0216e-05,-2.208e-06,5.215e-06
116,116,224886,,,,,0.0250262,-33.79270439,120.627261761158,-23.88,-27.41,,8.60,3.19277265275137,F3V,0.435,100.24577,0.6568,-67.09165,-8.823e-06,-1.4022e-05,-1.332e-05
117,117,224879,,,,,0.02536054,-72.60590348,2777.77777777778,18.26,1.70,,8.55,-3.66848749616356,G8III,1.093,830.37745,5.51326,-2650.75315,2.0212e-05,0.000246026,6.843e-06
118,118,224883,,,,,0.02576571,-09.43003605,82.7814569536424,44.38,1.14,,9.20,4.61033467142557,G0,0.606,81.66092,0.55084,-13.56317,-4.5e-08,1.7809e-05,4.51e-07
119,119,224894,,,,,0.02601348,44.67544581,133.511348464619,-10.61,-18.37,,6.82,1.19240908849733,K0,1.071,94.93783,0.64656,93.87049,8.405e-06,-6.809e-06,-8.454e-06
120,120,224902,,,,,0.02639926,-45.34468907,353.356890459364,-19.71,-28.68,,8.29,0.548932177621452,K1IIICNIV,1.183,248.34745,1.71643,-251.35967,-3.4712e-05,-3.4003e-05,-3.4529e-05
121,121,224895,,,,,0.02643178,28.42377416,273.224043715847,-18.88,-34.10,,6.83,-0.352594573027946,K2III,1.197,240.28144,1.66273,130.05168,2.167e-05,-2.4857e-05,-3.9721e-05
122,122,224889,9084,,The Oct,,0.02662528,-77.06529438,67.7048070412999,-56.52,-176.95,24,4.78,0.626902476559748,K2III,1.254,15.15471,0.10563,-65.98685,-5.0978e-05,-1.8906e-05,-3.6922e-05
123,123,224891,,,,,0.02668274,72.23660619,197.23865877712,-44.73,3.74,,7.21,0.735039796666681,K0,1.169,60.17346,0.42035,187.8352,-3.106e-06,-4.2791e-05,1.09e-06
124,124,224893,9085,,,,0.02694969,61.22280406,1162.79069767442,-2.80,-1.34,-23,5.58,-4.74750774378216,F0III,0.407,559.75916,3.94939,1019.18412,-4.591e-06,-1.5816e-05,-2.4253e-05
125,125,224900,,,,,0.02698211,-39.33667992,196.850393700787,-19.57,-28.13,,8.70,2.2293185614196,F2V,0.366,152.2471,1.07547,-124.77876,-1.6883e-05,-1.8794e-05,-2.0761e-05
126,126,224896,,,,,0.02724887,14.63230674,340.136054421769,37.26,7.11,,8.06,0.401736652060787,G5,0.969,329.096,2.34772,85.92345,-3.399e-06,6.1414e-05,1.1343e-05
127,127,,,,,,0.0274725,-48.93516169,88.7311446317658,42.86,-188.26,,10.86,6.11961958023053,,0.942,58.2871,0.41922,-66.90032,-6.1186e-05,1.7996e-05,-5.3195e-05
128,128,224890,,,,,0.02758431,73.61187664,65.7894736842105,75.54,-12.36,,6.50,2.40921793972386,Am...,0.182,18.56152,0.13404,63.11661,3.607e-06,2.4118e-05,-1.112e-06
129,129,224897,,,,,0.02770682,05.37275092,151.515151515152,5.33,23.58,,9.32,3.41771967770934,F8,0.559,150.84551,1.09419,14.18709,-1.65e-06,3.903e-06,1.7243e-05
130,130,224913,,,,,0.02788351,-30.69250699,341.296928327645,16.06,-12.27,,9.14,1.47433810177055,K0III,1.080,293.4799,2.1424,-174.20834,-1.0555e-05,2.6495e-05,-1.7457e-05
131,131,224892,,,,,0.02799614,62.01815066,123.304562268804,-14.27,-26.03,,8.13,2.67510427105578,A4V,0.200,57.85193,0.42402,108.88979,1.3802e-05,-8.428e-06,-7.3e-06
132,132,,,,,,0.02813367,-34.65350786,529.100529100529,5.38,-15.37,,10.62,2.00230902086622,F0,0.358,435.2293,3.20568,-300.85302,-2.2517e-05,1.3633e-05,-3.2429e-05
133,133,224914,,,,,0.02822459,-40.14866597,284.900284900285,33.70,-14.84,,6.62,-0.653464417670879,F5IV,0.545,217.76443,1.60912,-183.69604,-1.3558e-05,4.6444e-05,-1.5666e-05
134,134,224909,,,,,0.0283427,-01.13997217,769.230769230769,23.15,5.09,,9.96,0.529716761534186,A0,0.264,769.05734,5.70658,-15.30381,-2.62e-07,8.6327e-05,1.8976e-05
135,135,224908,,,,,0.02844972,-00.21749947,49.7512437810945,20.73,-114.08,,8.64,5.15598028710244,G5,0.620,49.7495,0.37054,-0.18885,-1.41e-07,4.998e-06,-2.7513e-05
136,136,224907,,,,,0.02857615,24.25318080,171.232876712329,18.50,-28.01,,6.60,0.432064235561998,K2III-IV,1.153,156.11536,1.16795,70.33723,9.435e-06,1.5427e-05,-2.1198e-05
137,137,224906,9086,,,,0.02884595,42.36714821,408.163265306122,5.11,-1.77,-11,6.25,-1.80416957817734,B9IIIp Mn,-0.042,301.5595,2.27737,275.05259,-6.028e-06,1.0065e-05,-1.0168e-05
138,138,224910,,,,,0.02914692,-16.53172119,157.728706624606,94.80,24.68,,7.83,1.84044628940867,K0/K1IV,1.074,151.20416,1.1538,-44.88109,4.816e-06,7.2525e-05,1.809e-05
139,139,,,,,,0.02968616,67.50697620,617.283950617284,-3.60,-0.44,,10.03,1.07757507271316,B0,1.289,236.14777,1.83533,570.32476,1.3e-06,-1.0762e-05,-5.03e-07
140,140,224915,,,,,0.03017831,-68.10481108,111.358574610245,100.92,-35.54,,9.04,3.80638168333652,F7V,0.546,41.52541,0.32808,-103.326,-1.8231e-05,5.4337e-05,-7.154e-06
141,141,224921,,,,,0.03022865,36.35034560,178.25311942959,21.36,5.19,,8.47,2.21481430628081,K5,1.350,143.56195,1.13615,105.65438,-2.804e-06,1.8436e-05,3.612e-06
142,142,224918,,,,,0.03024991,66.30600204,62.3441396508728,4.74,12.31,,7.33,3.35602181974072,K0,0.730,25.05232,0.1984,57.08882,-3.418e-06,1.405e-06,1.495e-06
143,144,224917,,,,,0.03033932,76.17561121,280.112044817927,18.53,-5.64,,8.66,1.42334108056097,K5,1.364,66.92976,0.53162,271.99794,7.236e-06,2.522e-05,-1.829e-06
144,143,,,,,,0.03034547,21.46213750,49.8753117206982,177.97,150.19,,10.35,6.86057188478101,K3,1.033,46.41547,0.36875,18.24869,-1.3627e-05,4.2922e-05,3.3795e-05
145,145,224926,9087,,29    Psc,,0.03039927,-03.02747891,125.31328320802,18.90,-10.25,23,5.13,-0.359985543246353,B7III-IV,-0.128,125.13442,0.9959,-6.6184,2.3068e-05,1.1665e-05,-7.46e-06
146,146,224927,,,,,0.03041276,-25.79769516,227.790432801822,-130.61,-341.77,,8.96,2.17232260121061,A9V,0.306,205.08149,1.6329,-99.13323,-0.00016309,-0.00014553,-0.00033979
147,147,224923,,,,,0.03106957,21.02624872,10000000,6.24,-5.12,,8.49,-6.51,K5,1.569,9333852.72691,75923.18018,3587956.09547,0,0,0
148,149,,,Wo 9848,,,0.03191233,26.00557721,43.630017452007,-309.64,-628.61,,11.26,8.06107306647676,K3,0.932,39.21116,0.3276,19.12995,5.884e-05,-6.5001e-05,-0.000119493
149,148,224931,,,,,0.03191951,15.52852839,236.96682464455,11.25,5.41,,8.15,1.27656225480837,F8,0.584,228.30891,1.9079,63.44031,-1.771e-06,1.2909e-05,5.987e-06
150,150,224936,,NN 4388,,,0.03202437,-37.22984397,133.333333333333,-19.88,-44.75,,7.04,1.4153063169585,K1III,1.060,106.15825,0.89004,-80.66852,-1.7391e-05,-1.2995e-05,-2.303e-05
151,152,,,,,,0.03229687,-28.13095543,196.078431372549,-12.42,3.03,,10.02,3.55785088048968,F5,0.456,172.90994,1.46204,-92.4487,1.457e-06,-1.1793e-05,2.539e-06
152,153,224932,,,,,0.03230298,12.65495324,180.505415162455,-13.44,-26.84,,8.90,2.61754882364215,F8,0.459,176.11411,1.48941,39.54497,5.244e-06,-1.1716e-05,-2.2915e-05
153,151,224937,,,,,0.03230549,-41.61373674,132.275132275132,89.74,-15.52,,7.78,2.17260897750603,F3IV...,0.411,98.89049,0.83639,-87.84464,-7.095e-06,5.7486e-05,-7.44e-06
154,154,224935,9089,,30    Psc,,0.03266433,-06.01397169,127.226463104326,46.62,-41.32,-12,4.37,-1.15288726980296,M3III,1.631,126.52163,1.08197,-13.32964,-1.512e-05,2.8624e-05,-2.4058e-05
155,155,,,,,,0.03274259,46.26916275,438.59649122807,15.17,-2.88,,9.93,1.71967423500227,A2,0.283,303.17808,2.5989,316.92771,4.148e-06,3.2291e-05,-4.232e-06
156,156,224939,,,,,0.03312566,63.35784580,323.624595469256,8.33,-8.04,,8.60,1.04979239712417,B8V,0.100,145.11325,1.25849,289.26361,1.116e-05,1.3165e-05,-5.656e-06
157,157,224947,,,,,0.03335517,-05.21399723,145.560407569141,39.43,29.54,,8.51,2.69478368529775,G5,0.903,144.95258,1.26581,-13.22792,1.651e-06,2.7838e-05,2.0758e-05
158,158,224949,,,,,0.03336475,-37.90179046,142.247510668563,121.63,-35.97,,7.09,1.32477662509912,K0III,0.999,112.23823,0.98041,-87.38404,-1.5969e-05,8.3736e-05,-1.9571e-05
159,159,224945,,,,,0.03405407,-02.76616306,59.1016548463357,39.33,-3.17,,6.93,3.07200179351502,A3,0.292,59.03044,0.52629,-2.85223,-1.44e-07,1.1267e-05,-9.07e-07
160,160,224954,,,,,0.03411434,-69.26920741,483.091787439614,14.52,3.76,,8.68,0.259851727284589,B9V,-0.052,170.99681,1.52723,-451.81349,7.931e-06,3.4076e-05,3.116e-06
161,161,,,,,,0.03416533,33.69599071,420.168067226891,-23.14,-13.48,,8.98,0.86288478528256,K5,1.500,349.56288,3.12673,233.10344,1.5653e-05,-4.6994e-05,-2.2843e-05
162,162,,,Gl 914  B,,,0.0342245,27.11861943,369.0036900369,-4.89,-6.90,,9.84,2.00484645437203,G0,0.696,328.42398,2.94274,168.20449,5.704e-06,-8.696e-06,-1.0985e-05
163,163,224964,,,,,0.0344762,-30.68523468,342.465753424658,16.59,2.68,,8.98,1.30691425724209,A3V,0.107,294.503,2.65821,-174.76757,2.021e-06,2.7561e-05,3.826e-06
164,164,224940,,,,,0.03457187,59.94001211,226.757369614512,114.98,36.86,,7.98,1.20219294733919,G9III,0.970,113.57957,1.02802,196.25882,-3.6211e-05,0.000126069,2.0296e-05
165,165,224962,,,,,0.03464964,-22.32747055,10000000,-4.60,-6.57,,10.16,-4.84,Ap...,0.450,9249896.22459,83910.46463,-3798997.08715,0,0,0
166,166,224965,,,,,0.03476844,-56.51490157,105.708245243129,-47.58,-12.05,,8.86,3.73945568200896,G3V,0.660,58.31894,0.53085,-88.16377,-4.927e-06,-2.4427e-05,-3.406e-06
167,167,224957,,,,,0.03518714,39.18321360,285.714285714286,6.08,-4.37,,8.58,1.30034022175138,B9,0.060,221.45621,2.0401,180.51492,3.746e-06,8.456e-06,-4.691e-06
168,168,224959,,,,,0.03556812,-02.81984528,512.820512820513,-38.31,-93.38,,9.56,1.01017305681259,R...,1.113,512.17736,4.76938,-25.22857,-1.0533e-05,-9.5341e-05,-0.000231862
169,169,224953,,GJ 1294 A,,,0.03566806,-68.28020594,15.8654608916389,207.45,-231.80,,9.24,8.23773653562808,M0V,1.390,5.87103,0.05482,-14.73908,-1.671e-05,1.5799e-05,-6.597e-06
170,170,224961,,,,,0.03584514,-20.87164212,167.785234899329,-29.52,-8.33,,9.63,3.50623129870118,F5V,0.509,156.76841,1.47119,-59.77778,-2.188e-06,-2.4032e-05,-6.33e-06
171,171,224930,9088,Gl 914  A,85    Peg,,0.03601251,27.08448905,12.402331638348,778.59,-918.72,-37.6,5.80,5.33248329899676,G3V,0.690,11.04175,0.1041,5.64682,-9.529e-06,4.6723e-05,-6.6687e-05
172,172,,,,,,0.03619204,67.40895644,787.40157480315,-1.45,-1.63,,9.05,-0.430981395220213,O7,0.976,302.46752,2.86598,726.98447,5.796e-06,-5.48e-06,-2.39e-06
173,173,224969,,,,,0.03663992,47.57722222,763.358778625954,-8.42,-6.78,,8.45,-0.963643521721178,A2,0.248,514.93501,4.93956,563.50169,1.8818e-05,-3.0979e-05,-1.6925e-05
174,174,240475,,,,,0.03677112,59.96533825,257.06940874036,15.17,-0.10,,8.86,1.80974800662854,G9II-III,1.035,128.6634,1.23863,222.55083,-7.4e-08,1.8905e-05,-6.2e-08
175,175,224968,,,,,0.03682905,49.77113897,251.256281407035,-7.42,-21.74,,7.84,0.839415360368439,G5,0.923,162.2644,1.56457,191.82683,2.0302e-05,-8.842e-06,-1.7101e-05
176,176,224970,,,,,0.03688894,44.42827722,261.780104712042,19.01,-6.20,,8.86,1.77031681455854,K0,0.530,186.93559,1.80538,183.25022,5.274e-06,2.4176e-05,-5.618e-06
177,177,224973,,,,,0.03734693,-11.96434717,182.815356489945,9.52,-1.99,,8.93,2.61993663166715,A1m...,0.172,178.83547,1.7486,-37.89816,-4.48e-07,8.432e-06,-1.725e-06
178,178,224989,,,,,0.03785307,-27.13517299,110.864745011086,99.62,8.25,,7.97,2.74603268770971,F7V,0.556,98.65734,0.97771,-50.56444,1.491e-06,5.3557e-05,3.945e-06
179,179,224974,,,,,0.03792415,-13.40751554,67.0690811535882,261.21,32.13,,6.90,2.76738821726497,G0V,0.534,65.23792,0.64773,-15.55167,1.578e-06,8.4947e-05,1.0161e-05
180,180,224988,,,,,0.03806015,-09.17489501,357.142857142857,3.94,-13.52,,8.47,0.705790156711098,K0,1.171,352.55614,3.51302,-56.94594,-3.8e-06,6.783e-06,-2.3108e-05
181,181,224980,,,,,0.03825444,60.70319460,398.406374501992,-8.91,-11.05,,6.77,-1.23163139259481,M0,1.832,194.94393,1.95242,347.44882,1.8783e-05,-1.7021e-05,-1.0443e-05
182,182,236280,,,,,0.03874453,52.58643746,301.204819277108,6.78,-12.63,,8.55,1.15569041852018,K0,1.004,182.99175,1.8562,239.2382,1.4546e-05,1.0047e-05,-1.1204e-05
183,183,224990,9091,,Zet Scl,,0.03886504,-29.72044805,156.25,9.66,14.00,0,5.04,-0.929100130080563,B4V,-0.150,135.68901,1.38066,-77.46384,5.182e-06,7.37e-06,9.209e-06
184,184,224983,,,,,0.03931837,11.00634091,33.6134453781513,-2.65,-43.21,,8.48,5.84743485032284,K0,0.888,32.99341,0.33963,6.41739,1.348e-06,-4.17e-07,-6.911e-06
185,185,224984,,,,,0.03934334,10.78564387,85.1788756388416,-45.33,-115.73,,8.53,3.87834048455798,F8,0.530,83.66968,0.86183,15.93996,9.135e-06,-1.8624e-05,-4.6943e-05
186,186,224995,9092,,31    Psc,,0.04004652,08.95683360,132.450331125828,-0.87,-4.11,11,6.33,0.719734758145941,A6V,0.182,130.82803,1.37167,20.62123,1.1528e-05,-4.37e-07,-8.55e-07
187,187,224997,,,,,0.04014094,-06.05918213,149.476831091181,69.03,-36.17,,8.99,3.11713058883912,G0,0.500,148.63355,1.56202,-15.77812,-3.292e-06,4.9988e-05,-2.6063e-05
188,188,224996,,,,,0.04016696,06.33313676,95.3288846520496,77.39,-50.94,,8.64,3.74387744096779,F5,0.488,94.74188,0.99631,10.51564,2.22e-06,3.5789e-05,-2.3397e-05
189,189,236281,,,,,0.04035248,54.13515756,401.606425702811,-12.95,-7.46,,9.55,1.53099673547868,A3,0.237,235.27811,2.48563,325.46236,1.2035e-05,-2.5086e-05,-8.509e-06
190,190,224994,,,,,0.04037042,10.77665206,95.5109837631328,-49.43,-118.65,,8.74,3.83973340839421,G0,0.570,93.82126,0.99162,17.85874,1.0513e-05,-2.2776e-05,-5.3967e-05
191,191,,,,,,0.04081914,-46.02884131,43.5161009573542,192.39,-22.43,,12.43,9.23675012176133,M3,1.490,30.21133,0.32286,-31.31807,-3.838e-06,4.0546e-05,-3.285e-06
192,192,225004,,,,,0.04132207,08.39393024,302.114803625378,-1.77,-29.14,,8.16,0.759139968878594,G5,1.032,298.861,3.23323,44.10218,6.257e-06,-2.524e-06,-4.222e-05
193,193,225006,,,,,0.04144267,-39.21249918,209.643605870021,28.73,-37.91,,9.46,2.85259189520057,G8/K0III,0.944,162.42368,1.76231,-132.53634,-2.4672e-05,2.8932e-05,-2.9851e-05
194,194,225003,9093,,32    Psc,,0.04159929,08.48557854,37.6931775348662,-93.55,-47.50,10,5.70,2.81868624991165,F0V,0.315,37.27834,0.406,5.56202,1.1581e-05,-1.6968e-05,-7.075e-06
195,195,224999,,,,,0.04171579,47.42295978,123.762376237624,12.29,-28.62,,7.62,2.15705680387293,F8,0.517,83.73027,0.91446,91.13468,1.2562e-05,7.511e-06,-1.1617e-05
196,196,236282,,,,,0.04180029,51.82997958,1020.40816326531,0.32,-1.45,,8.95,-1.09386962153753,K5,1.677,630.57154,6.9008,802.22485,5.621e-06,1.644e-06,-4.432e-06
197,197,,,,,,0.04215526,42.14779896,617.283950617284,-7.69,-8.04,,8.97,0.0175750727131572,K0,0.952,457.63649,5.05078,414.22554,1.6397e-05,-2.2832e-05,-1.7837e-05
198,198,225002,,,,,0.04217971,15.33519012,195.3125,21.03,-7.14,,8.94,2.48634980487915,A0,0.276,188.34694,2.07992,51.6534,1.567e-06,1.993e-05,-6.519e-06
